{
  "5944211775": {
    "root_id": "1GoiOWKrvmBXnX2Wr0nBir20i3y2UPqn8",
    "chat_folder_id": "12UYaHkniubZWqYgR8oTgvaFbpIxBNlde",
    "photos_id": "1Cpq3lHgoXnkEE-nXX_AWGaJu5fY35fqY",
    "videos_id": "1yIK67vV7rzE-eu1RjzJD13I2vyQScjFw",
    "docs_id": "1Bt2b1PsDu00WVNzzab1znPpde14IImCg",
    "sheet_id": "1Nt6bhx52t00gDeIQ99MM_Oag484iE-mffqiHIhqRayI"
  },
  "-1003836526235": {
    "root_id": "1GoiOWKrvmBXnX2Wr0nBir20i3y2UPqn8",
    "chat_folder_id": "14yDwRBz5dnut9NXspm74LbhPygJgt6jo",
    "photos_id": "1G90Ygv5kgdLgrcyEyfS7J-YY45ibOHnx",
    "videos_id": "1LsqIBfHBu4qXqqFjfOxht9glo8BgIeFO",
    "docs_id": "1ChqaAOAVN1xIUdXO86oqpZgKTrm033ir",
    "sheet_id": "1n9dbd3Gmy2LSfCoZ_kkaEIA_LXCmYb-2wDyS4G2_Z9s"
  }
}